id,timestamp,customerFirstName,rewardsMemberId,employeeId,orderPriceTotal
0,2022-09-02 17:33:33.764061,Joel,99,8,14.98
1,2022-09-02 17:50:42.466140,Christopher,42,2,7.99
2,2022-09-02 19:52:14.420880,Timothy,43,1,6.99
3,2022-09-02 20:03:41.953477,Alfred,10,1,38.96
4,2022-09-02 15:02:34.312826,Jean,24,8,21.97
5,2022-09-02 13:06:24.438116,Francisco,86,1,6.99
6,2022-09-02 01:14:31.356990,Mabel,85,2,35.95
7,2022-09-02 05:37:39.546316,Scarlet,81,2,37.95
8,2022-09-02 20:12:02.713352,Peter,96,1,41.95
9,2022-09-02 10:10:14.357525,Barbara,2,3,31.96
10,2022-09-02 07:53:04.744121,Russell,51,8,5.99
11,2022-09-02 12:20:21.873236,Annie,97,2,5.99
12,2022-09-02 08:17:52.030437,Pamela,75,0,23.96
13,2022-09-02 03:14:44.779113,Nolan,19,1,20.97
14,2022-09-02 10:10:40.770595,Emma,58,2,21.97
15,2022-09-02 20:04:06.280303,Daniel,95,1,23.97
16,2022-09-02 22:26:08.118624,John,62,1,7.99
17,2022-09-02 04:46:55.439333,Kelly,46,8,27.96
18,2022-09-02 21:31:18.173763,Stephanie,26,5,5.99
19,2022-09-02 02:48:38.362687,Bernadette,63,8,37.95
20,2022-09-02 13:25:51.861096,Todd,64,1,15.98
21,2022-09-02 01:59:53.858196,Mary,28,0,40.95
22,2022-09-02 12:46:35.282725,Libby,78,1,15.98
23,2022-09-02 01:18:47.093859,Bernadette,63,1,20.97
24,2022-09-02 13:33:10.972514,Alex,7,7,15.98
25,2022-09-02 06:42:14.093003,Juana,70,2,39.94
26,2022-09-02 10:52:08.144560,Arthur,6,4,27.97
27,2022-09-02 15:49:49.104242,Joel,99,6,39.95
28,2022-09-02 20:49:57.684887,Bernadette,63,3,20.97
29,2022-09-02 21:10:54.942177,Raul,1,0,13.98
30,2022-09-02 01:44:18.298307,George,59,0,27.97
31,2022-09-02 15:52:11.536874,Barbara,48,7,13.98
32,2022-09-03 00:24:50.271494,Dale,52,4,7.99
33,2022-09-03 06:31:09.441171,Jason,73,6,29.96
34,2022-09-03 20:32:07.625016,Bobby,5,9,29.96
35,2022-09-03 17:04:05.021272,Alfred,10,3,29.96
36,2022-09-03 09:21:22.584640,Hugh,15,2,25.97
37,2022-09-03 21:26:36.661783,James,82,5,27.96
38,2022-09-03 21:36:26.791767,Annie,97,9,48.95
39,2022-09-03 21:55:16.512422,Douglas,31,8,25.96
40,2022-09-03 16:19:34.008683,Lauren,74,7,37.95
41,2022-09-03 21:54:50.842889,William,77,2,39.94
42,2022-09-03 20:15:56.223777,Maricela,65,8,33.96
43,2022-09-03 07:45:32.922428,Ruth,33,2,37.96
44,2022-09-03 21:48:49.768953,Carole,91,9,9.99
45,2022-09-03 16:28:14.406254,Jeanette,12,1,26.96
46,2022-09-03 08:43:09.440755,Jean,35,8,23.97
47,2022-09-03 12:19:55.592586,Barbara,48,5,19.98
48,2022-09-03 06:25:52.002172,Lisa,54,2,25.97
49,2022-09-03 16:17:34.625431,Kelly,46,8,37.96
50,2022-09-03 23:16:38.500446,Mable,9,9,26.97
51,2022-09-03 03:01:25.015657,Nolan,19,9,23.97
52,2022-09-03 17:15:31.413064,Pamela,75,8,29.96
53,2022-09-03 16:12:57.558161,Dorothy,23,8,17.98
54,2022-09-03 12:04:12.896342,Latasha,41,1,11.98
55,2022-09-03 03:10:49.442829,David,56,0,7.99
56,2022-09-03 08:07:09.161598,Barbara,2,5,30.96
57,2022-09-04 11:45:20.654495,Marjorie,57,8,15.98
58,2022-09-04 14:45:19.368063,Robert,84,6,35.95
59,2022-09-04 17:54:30.018928,Kristen,55,4,36.96
60,2022-09-04 14:57:36.369280,Maricela,65,7,20.97
61,2022-09-04 06:12:53.873407,Margaret,25,8,25.97
62,2022-09-04 23:48:00.701748,Todd,64,2,21.97
63,2022-09-04 17:44:10.231340,Richard,76,7,40.95
64,2022-09-04 07:50:44.255750,Ricardo,87,9,8.99
65,2022-09-04 10:57:12.933099,Ruth,33,8,33.95
66,2022-09-04 22:49:29.546662,Sherrie,16,5,17.98
67,2022-09-04 02:34:22.677216,Pamela,75,6,13.98
68,2022-09-04 01:59:00.484257,James,71,3,15.98
69,2022-09-04 16:21:45.220491,Jason,73,6,13.98
70,2022-09-04 01:47:04.999470,Nettie,44,8,33.96
71,2022-09-04 19:58:26.121825,Peter,96,6,24.97
72,2022-09-04 20:50:23.886715,Bruce,80,0,31.96
73,2022-09-04 13:05:13.251625,Timothy,43,0,18.97
74,2022-09-04 06:02:38.744824,Deanna,53,6,26.97
75,2022-09-04 04:26:57.040050,Margaret,34,8,38.95
76,2022-09-04 19:35:03.766618,Sara,89,2,9.99
77,2022-09-04 03:37:43.610045,Carole,91,1,35.95
78,2022-09-04 21:22:57.851149,Jason,45,5,27.97
79,2022-09-04 06:29:54.538015,Jean,24,7,21.97
80,2022-09-04 23:07:07.957299,Emma,58,3,13.98
81,2022-09-04 06:37:48.528351,Barbara,2,5,28.96
82,2022-09-04 23:04:49.455718,Kristen,55,6,17.98
83,2022-09-04 13:53:41.594047,Deanna,53,3,9.99
84,2022-09-04 03:09:06.295047,Terry,27,8,27.97
85,2022-09-04 13:55:06.213639,Pauline,61,7,45.94
86,2022-09-04 14:59:16.444013,James,71,0,19.98
87,2022-09-04 17:48:03.868985,Jason,45,0,17.98
88,2022-09-04 06:18:55.557368,Eugene,94,9,15.98
89,2022-09-04 19:33:35.730095,Todd,64,3,36.95
90,2022-09-04 05:17:44.716250,John,4,2,13.98
91,2022-09-04 17:53:48.037670,Joe,49,6,13.98
92,2022-09-04 21:51:36.139116,Crystal,92,2,21.97
93,2022-09-04 11:43:49.726733,Jean,35,2,23.97
94,2022-09-04 02:32:59.611290,Christopher,42,3,27.97
95,2022-09-04 09:41:08.834284,Jess,30,9,39.95
96,2022-09-04 22:28:22.590588,Bruce,80,2,17.98
97,2022-09-04 11:25:48.124974,Nancy,39,4,11.98
98,2022-09-04 09:02:54.700189,Robert,84,2,15.98
99,2022-09-04 01:55:56.433783,Antonio,79,1,41.94
100,2022-09-04 17:28:37.896025,Terry,50,8,13.98
101,2022-09-04 06:36:13.177934,Larry,8,3,13.98
102,2022-09-04 09:41:53.146426,Default,0,8,37.96
103,2022-09-04 21:43:03.909917,Jess,30,1,31.96
104,2022-09-05 22:17:45.297099,Richard,38,8,6.99
105,2022-09-05 15:13:51.747945,Yvonne,3,3,22.97
106,2022-09-05 07:07:20.378772,Norma,83,5,6.99
107,2022-09-05 04:20:15.883874,Nettie,44,0,17.98
108,2022-09-05 06:43:33.367385,Hugh,15,6,17.98
109,2022-09-05 16:57:26.308680,John,4,4,15.98
110,2022-09-05 20:54:02.392936,Dorothy,23,6,17.98
111,2022-09-05 06:10:46.693751,Raul,1,9,20.97
112,2022-09-05 21:12:51.874465,Bernadette,63,7,33.96
113,2022-09-05 14:21:25.957676,Terry,27,7,5.99
114,2022-09-05 07:00:00.490100,Rosa,17,5,18.98
115,2022-09-05 15:59:11.636283,Lisa,54,8,27.97
116,2022-09-05 19:29:55.070255,Carole,91,7,5.99
117,2022-09-05 04:26:58.967667,Paul,40,3,13.98
118,2022-09-05 12:23:39.917424,Maricela,65,4,11.98
119,2022-09-05 06:22:15.418593,Dorothy,23,5,25.97
120,2022-09-05 12:39:11.462254,Joshua,90,5,29.96
121,2022-09-05 14:23:38.493759,Richard,38,8,34.95
122,2022-09-05 00:21:49.508182,Stephanie,26,1,32.96
123,2022-09-05 14:11:35.611490,Norma,83,7,31.96
124,2022-09-06 07:10:08.707556,Terry,27,2,40.95
125,2022-09-06 20:50:29.204255,Ruth,33,4,24.97
126,2022-09-06 14:38:34.015107,Jeanette,12,6,31.96
127,2022-09-06 00:35:39.280651,Lisa,54,6,32.96
128,2022-09-06 03:06:45.345272,James,71,5,29.96
129,2022-09-06 23:59:42.538174,Hugh,15,5,14.98
130,2022-09-06 06:18:49.499911,Emma,58,7,17.97
131,2022-09-06 18:14:38.626531,Barbara,48,8,36.96
132,2022-09-06 19:23:24.632169,Joshua,90,0,27.97
133,2022-09-06 00:11:48.993479,James,82,9,24.97
134,2022-09-06 23:23:26.428077,Richard,38,5,27.96
135,2022-09-06 15:41:04.715153,Don,36,9,14.98
136,2022-09-06 11:53:26.573018,Paul,40,9,37.95
137,2022-09-06 02:38:22.459146,Timothy,43,3,17.97
138,2022-09-06 10:34:48.496358,Harvey,22,9,26.96
139,2022-09-06 14:38:05.151895,Bernadette,63,0,12.98
140,2022-09-06 04:16:38.041123,Christopher,42,4,39.95
141,2022-09-06 09:08:30.791170,Alex,7,8,17.98
142,2022-09-06 17:24:56.149288,Kristen,55,1,28.96
143,2022-09-06 02:12:45.840602,Marjorie,57,3,22.97
144,2022-09-06 20:43:35.897382,William,29,7,27.96
145,2022-09-06 10:20:23.140488,Christopher,42,9,18.98
146,2022-09-06 09:31:19.565454,Todd,64,5,35.95
147,2022-09-06 16:53:16.523229,Christine,47,3,33.96
148,2022-09-06 00:33:27.848870,John,4,7,15.98
149,2022-09-06 02:42:12.550059,Don,36,8,33.96
150,2022-09-06 12:51:28.334963,Sara,89,3,23.97
151,2022-09-06 10:19:54.437497,Douglas,31,3,24.97
152,2022-09-06 02:43:57.361522,Paul,40,9,6.99
153,2022-09-06 17:21:43.883825,Alex,7,9,13.98
154,2022-09-07 16:37:20.165319,Douglas,31,7,21.97
155,2022-09-07 06:09:47.784918,John,98,3,27.96
156,2022-09-07 19:31:10.021344,Jean,24,3,13.98
157,2022-09-07 23:25:26.730618,Maureen,11,3,45.94
158,2022-09-07 08:13:44.493368,Arthur,6,3,7.99
159,2022-09-07 19:53:49.166018,Dale,52,9,8.99
160,2022-09-07 05:54:51.967282,Don,36,1,35.96
161,2022-09-07 01:20:57.088894,Richard,76,5,22.97
162,2022-09-07 21:29:58.544929,Russell,51,8,35.96
163,2022-09-07 04:12:36.208066,Deanna,53,2,25.96
164,2022-09-07 19:09:36.116898,David,69,3,27.96
165,2022-09-07 01:28:09.412468,Richard,38,9,29.97
166,2022-09-07 18:01:25.534326,David,56,7,39.95
167,2022-09-07 19:08:52.765126,Libby,78,8,19.98
168,2022-09-07 14:25:09.425829,Latasha,41,9,19.97
169,2022-09-07 13:38:13.057227,Jean,24,7,34.96
170,2022-09-07 01:09:04.780195,Mabel,85,2,18.97
171,2022-09-07 08:02:25.137196,Maureen,11,0,17.98
172,2022-09-07 14:43:10.999392,Sara,89,2,23.97
173,2022-09-07 09:13:05.687409,John,4,7,40.95
174,2022-09-07 19:29:21.746028,Kathryn,18,0,35.96
175,2022-09-07 19:02:54.721286,Maureen,11,6,17.98
176,2022-09-07 02:08:00.420291,William,77,2,39.96
177,2022-09-07 21:26:26.024972,Richard,14,1,15.98
178,2022-09-07 21:20:07.541367,Libby,78,1,27.97
179,2022-09-07 16:39:11.225880,Margaret,34,9,13.98
180,2022-09-07 00:05:20.696764,Joe,49,4,22.97
181,2022-09-07 20:40:23.100460,Christopher,42,8,20.97
182,2022-09-07 03:01:41.135197,Scarlet,81,8,37.95
183,2022-09-07 04:47:04.445594,Maureen,11,2,35.95
184,2022-09-07 01:08:16.007211,Christine,47,1,35.95
185,2022-09-08 02:23:47.484306,Richard,14,6,15.98
186,2022-09-08 03:04:36.155003,Ruth,33,6,33.96
187,2022-09-08 06:11:35.993673,George,59,1,20.97
188,2022-09-08 19:07:54.125717,Mabel,85,3,40.95
189,2022-09-08 01:02:06.364008,Clara,72,3,27.97
190,2022-09-08 12:44:41.342797,Jason,73,4,6.99
191,2022-09-08 09:07:19.254874,Mable,9,3,19.98
192,2022-09-08 04:05:47.373423,Terry,27,1,18.98
193,2022-09-08 15:03:35.885333,Marjorie,57,0,16.98
194,2022-09-08 10:56:27.255883,Dorothy,23,3,13.98
195,2022-09-08 19:17:57.531282,Joel,99,2,34.95
196,2022-09-08 05:43:27.778785,Robert,84,4,13.98
197,2022-09-08 01:14:00.416951,Russell,51,7,27.97
198,2022-09-08 04:58:54.880450,Norma,83,6,22.97
199,2022-09-08 06:35:03.630368,Hugh,15,6,31.96
200,2022-09-08 13:40:54.471415,Maricela,65,0,6.99
201,2022-09-08 08:45:55.354994,Stacey,88,8,17.97
202,2022-09-08 06:40:32.495690,Stephanie,26,6,7.99
203,2022-09-08 01:20:30.368109,Clara,72,7,26.97
204,2022-09-08 20:07:44.148816,Thurman,67,1,7.99
205,2022-09-08 14:58:54.126403,James,82,3,13.98
206,2022-09-08 12:32:44.869260,Bobby,5,9,15.98
207,2022-09-08 11:55:46.055769,Terry,27,1,23.97
208,2022-09-08 13:46:06.468712,Larry,8,1,15.98
209,2022-09-08 21:26:57.722746,Richard,14,1,5.99
210,2022-09-08 05:02:08.396604,Curtis,13,8,29.96
211,2022-09-08 01:01:37.145665,Crystal,92,1,16.98
212,2022-09-08 11:55:54.151151,Bobby,5,0,30.96
213,2022-09-08 22:37:48.139594,Ricardo,87,0,6.99
214,2022-09-08 09:40:18.799359,Yvonne,3,0,25.97
215,2022-09-08 06:16:49.062680,Pauline,61,9,27.96
216,2022-09-08 15:06:07.174225,Jean,24,5,36.96
217,2022-09-09 20:37:26.447305,Mary,28,2,15.98
218,2022-09-09 06:38:27.234593,Latasha,41,5,33.96
219,2022-09-09 17:28:54.171329,Richard,68,9,25.97
220,2022-09-09 02:33:05.841828,Norma,83,9,31.96
221,2022-09-09 20:08:26.865594,Harvey,22,0,23.97
222,2022-09-09 01:22:44.109109,Richard,68,9,27.96
223,2022-09-09 16:19:48.981200,Joe,49,3,11.98
224,2022-09-09 05:03:14.007982,William,93,4,25.96
225,2022-09-09 03:45:47.319772,Nolan,19,6,33.96
226,2022-09-09 17:11:42.213562,Richard,14,6,16.98
227,2022-09-09 22:41:54.892330,Emma,58,2,38.95
228,2022-09-09 11:27:57.322973,Richard,68,4,23.96
229,2022-09-09 13:49:25.506044,Richard,38,4,23.97
230,2022-09-09 19:35:23.389393,James,71,9,35.96
231,2022-09-09 14:33:23.917547,Sara,89,6,7.99
232,2022-09-09 09:21:55.913480,Christine,47,0,9.99
233,2022-09-09 11:11:47.952252,Juana,70,3,24.97
234,2022-09-09 20:30:33.606357,Nolan,19,8,24.97
235,2022-09-09 23:11:53.870127,James,71,0,8.99
236,2022-09-09 19:55:42.521149,Ricardo,87,7,40.95
237,2022-09-09 06:40:55.197564,Sherrie,16,4,15.98
238,2022-09-09 15:22:44.561777,Richard,14,6,29.96
239,2022-09-09 16:08:35.767083,Russell,51,1,11.98
240,2022-09-09 23:34:36.093136,Richard,76,2,19.98
241,2022-09-09 03:06:50.974842,Patrice,66,4,17.98
242,2022-09-10 10:27:55.887276,Richard,68,7,35.96
243,2022-09-10 15:57:21.231612,Nettie,44,1,13.98
244,2022-09-10 16:28:02.420199,Eugene,94,2,17.98
245,2022-09-10 22:36:03.530545,Christopher,42,1,9.99
246,2022-09-10 02:29:53.333669,Stacey,88,8,31.96
247,2022-09-10 05:34:44.727121,John,98,2,31.96
248,2022-09-10 09:14:29.304256,Nettie,44,8,8.99
249,2022-09-10 21:46:12.282149,Peter,96,2,29.96
250,2022-09-10 11:21:35.419828,Richard,38,4,9.99
251,2022-09-10 10:31:31.646657,Pauline,61,1,15.98
252,2022-09-10 16:37:21.672748,John,98,5,21.97
253,2022-09-10 15:50:55.247760,Marjorie,57,8,21.97
254,2022-09-10 12:34:06.507966,Robert,84,6,24.97
255,2022-09-10 03:24:50.920805,Lauren,74,3,16.98
256,2022-09-10 00:53:40.961701,Don,36,6,29.96
257,2022-09-10 07:30:08.882000,Norma,83,5,7.99
258,2022-09-10 09:36:41.253963,Bernadette,63,4,28.97
259,2022-09-10 20:29:02.920889,Joshua,90,7,15.98
260,2022-09-10 19:31:52.748906,Hugh,15,3,5.99
261,2022-09-10 08:14:47.050737,Larry,8,2,18.98
262,2022-09-10 10:54:05.203612,John,62,6,7.99
263,2022-09-10 02:20:14.746245,Nettie,44,7,26.97
264,2022-09-10 17:04:54.077194,Norma,83,6,25.97
265,2022-09-10 17:33:47.290017,Samuel,60,5,19.97
266,2022-09-10 03:17:00.288822,Curtis,13,0,15.98
267,2022-09-10 09:39:43.038855,Pauline,61,8,11.98
268,2022-09-10 06:13:39.990094,Laura,20,8,13.98
269,2022-09-10 13:13:35.556507,Marjorie,57,1,32.96
270,2022-09-10 01:40:27.480510,Clara,72,7,37.95
271,2022-09-10 06:16:17.980635,Kathryn,18,9,15.98
272,2022-09-10 01:01:58.007259,Libby,78,9,39.96
273,2022-09-10 00:13:00.208127,Richard,14,5,18.97
274,2022-09-10 16:22:34.015305,Joshua,90,9,13.98
275,2022-09-10 13:08:10.301663,David,37,8,23.97
276,2022-09-10 17:54:19.958441,Libby,78,9,16.98
277,2022-09-10 05:20:31.688417,Carole,91,3,15.98
278,2022-09-10 03:15:47.876159,James,82,2,43.94
279,2022-09-10 19:43:54.850280,Jean,35,0,20.97
280,2022-09-10 09:34:58.034660,Curtis,13,9,31.96
281,2022-09-10 20:05:36.825263,Scarlet,81,7,6.99
282,2022-09-10 13:58:57.032584,Default,0,7,13.98
283,2022-09-10 15:00:00.605239,Ricardo,87,3,5.99
284,2022-09-10 11:49:42.499930,Richard,14,0,21.97
285,2022-09-10 19:20:38.552570,Laura,20,6,29.96
286,2022-09-10 05:53:38.464392,Christopher,42,8,36.96
287,2022-09-11 22:35:53.990177,Jean,35,5,17.98
288,2022-09-11 17:22:39.922321,Margaret,25,5,22.97
289,2022-09-11 08:04:17.228756,William,93,2,28.96
290,2022-09-11 12:28:35.051764,John,4,0,7.99
291,2022-09-11 01:06:56.347384,John,62,0,25.97
292,2022-09-11 21:05:48.243863,William,93,0,13.98
293,2022-09-11 10:34:52.186074,Carole,91,8,16.98
294,2022-09-11 02:16:34.468850,William,93,2,29.96
295,2022-09-11 07:02:28.711862,Terry,27,5,13.98
296,2022-09-11 20:23:33.933704,Robert,84,3,23.97
297,2022-09-11 16:42:50.280928,Bernadette,63,9,23.97
298,2022-09-11 16:06:21.569087,Nettie,44,4,17.98
299,2022-09-11 20:28:52.911603,Dorothy,23,5,25.96
300,2022-09-11 04:04:08.316241,Sally,32,5,9.99
301,2022-09-11 08:26:36.493244,Christopher,42,0,25.97
302,2022-09-11 07:10:13.555014,Kristen,55,1,40.95
303,2022-09-11 09:45:17.291081,Nancy,39,2,39.95
304,2022-09-11 23:35:44.849438,Alfred,10,8,15.98
305,2022-09-11 08:38:45.375844,David,37,4,48.95
306,2022-09-11 03:06:49.761830,Sally,32,7,49.94
307,2022-09-11 14:30:02.334890,Jean,35,7,49.94
308,2022-09-11 03:58:16.378757,Jean,24,6,22.97
309,2022-09-11 14:29:12.266151,Bobby,5,3,5.99
310,2022-09-11 20:23:47.053095,Terry,50,0,29.97
311,2022-09-11 05:59:47.374691,Maureen,11,1,40.95
312,2022-09-11 14:21:13.783818,Curtis,13,5,39.95
313,2022-09-11 13:35:12.249133,Kelly,46,9,8.99
314,2022-09-11 13:19:35.246118,James,71,0,15.98
315,2022-09-11 17:45:03.558202,Emma,58,6,47.94
316,2022-09-11 05:34:27.676077,Clara,72,4,15.98
317,2022-09-11 15:57:07.570734,Richard,68,0,24.97
318,2022-09-11 03:17:20.338685,Kathryn,18,0,23.97
319,2022-09-11 14:28:54.440917,Raul,1,8,26.97
320,2022-09-11 17:04:28.917118,Ricardo,87,3,36.95
321,2022-09-11 12:56:44.529369,James,82,7,29.96
322,2022-09-11 12:44:36.178013,Annie,97,1,42.95
323,2022-09-11 13:44:44.059052,Todd,64,6,17.98
324,2022-09-11 03:22:24.419654,Default,0,1,13.98
325,2022-09-12 03:56:11.416642,Terry,27,0,25.96
326,2022-09-12 20:42:18.531105,Richard,76,0,25.97
327,2022-09-12 03:15:33.072256,Richard,76,9,29.96
328,2022-09-12 14:16:40.261535,Jason,73,3,19.97
329,2022-09-12 18:45:25.675061,Stacey,88,7,8.99
330,2022-09-12 23:27:50.251730,Jeanette,12,0,15.98
331,2022-09-12 13:51:08.768569,William,93,7,31.96
332,2022-09-12 12:54:57.538382,Crystal,92,5,35.96
333,2022-09-12 21:06:37.394381,Ricardo,87,4,28.97
334,2022-09-12 03:14:26.827836,Ricardo,87,7,15.98
335,2022-09-12 19:27:54.700173,David,69,7,27.96
336,2022-09-12 16:26:14.136406,Lauren,74,6,17.98
337,2022-09-12 21:28:35.909776,Nancy,39,7,26.97
338,2022-09-12 06:13:39.715048,Bruce,80,3,29.96
339,2022-09-12 11:46:46.166249,Jason,45,3,31.96
340,2022-09-12 19:23:04.622696,Joe,49,2,35.96
341,2022-09-12 12:47:11.228696,James,82,8,14.98
342,2022-09-12 04:18:50.688043,Jason,73,9,20.97
343,2022-09-12 23:25:32.144676,David,37,6,33.95
344,2022-09-12 00:41:28.641807,Juana,70,1,38.96
345,2022-09-12 22:09:25.884011,Norma,83,9,5.99
346,2022-09-12 03:42:32.521885,Latasha,41,4,21.97
347,2022-09-12 01:16:13.195269,Sally,32,5,24.97
348,2022-09-12 20:21:26.899283,Mable,9,6,14.98
349,2022-09-12 17:02:14.826418,Paul,40,7,25.97
350,2022-09-12 16:25:35.397936,Carole,91,3,6.99
351,2022-09-12 11:08:00.621203,Deanna,53,6,6.99
352,2022-09-12 15:03:41.634027,Francisco,86,4,26.97
353,2022-09-12 06:52:38.283621,Ricardo,87,3,26.97
354,2022-09-12 01:05:57.263825,Terry,50,6,13.98
355,2022-09-12 09:00:35.068616,Barbara,2,9,28.97
356,2022-09-12 04:20:03.453203,David,37,7,14.98
357,2022-09-12 15:33:16.124158,Don,36,9,15.98
358,2022-09-12 16:23:53.049382,Ruth,33,4,13.98
359,2022-09-12 15:17:06.527499,John,4,8,31.96
360,2022-09-12 19:24:55.633535,Timothy,43,6,12.98
361,2022-09-12 08:47:03.791916,Marjorie,57,0,15.98
362,2022-09-12 12:23:37.517737,Patrice,66,4,6.99
363,2022-09-12 11:14:37.693857,David,56,1,19.98
364,2022-09-13 13:15:24.324750,Margaret,34,8,14.98
365,2022-09-13 21:08:14.384139,Francisco,86,3,15.98
366,2022-09-13 15:49:07.904721,Raul,1,5,20.97
367,2022-09-13 19:21:57.320356,Jeanette,12,6,27.97
368,2022-09-13 03:02:07.315187,Samuel,60,3,8.99
369,2022-09-13 00:03:02.639655,Nolan,19,6,45.95
370,2022-09-13 22:46:00.920319,Marjorie,57,3,18.97
371,2022-09-13 10:24:40.905594,Juana,70,0,18.98
372,2022-09-13 09:47:21.505733,Libby,78,1,31.96
373,2022-09-13 03:43:53.242421,Raul,1,8,44.95
374,2022-09-13 17:25:46.265481,Ricardo,87,7,26.96
375,2022-09-13 15:34:42.147740,John,4,0,16.98
376,2022-09-13 07:09:57.035808,Richard,14,3,15.98
377,2022-09-13 20:43:51.128503,John,98,7,44.95
378,2022-09-13 11:03:58.854612,John,98,6,34.95
379,2022-09-13 03:17:54.288175,Stephanie,26,7,35.96
380,2022-09-13 15:22:25.337550,Richard,38,1,23.97
381,2022-09-13 11:53:39.059143,Raul,1,7,27.97
382,2022-09-13 15:20:01.597741,Maricela,65,9,32.96
383,2022-09-13 06:24:04.707583,Juana,70,6,22.97
384,2022-09-13 01:30:27.683528,Paul,40,9,21.97
385,2022-09-13 19:43:19.928471,Yvonne,3,8,25.96
386,2022-09-13 00:48:31.906017,Annie,97,5,13.98
387,2022-09-13 17:08:12.801124,David,69,2,17.98
388,2022-09-13 12:50:39.345729,Ricardo,87,1,33.96
389,2022-09-13 05:49:30.557731,Timothy,43,8,15.98
390,2022-09-13 19:41:59.118232,Todd,64,3,33.96
391,2022-09-13 11:40:45.274330,Mabel,85,7,7.99
392,2022-09-13 15:54:40.137925,John,98,0,27.96
393,2022-09-14 07:46:46.488107,Patrice,66,8,15.98
394,2022-09-14 00:52:13.095673,Richard,14,2,19.98
395,2022-09-14 23:10:05.484785,Laura,20,1,17.97
396,2022-09-14 02:32:42.830725,John,4,9,13.98
397,2022-09-14 13:34:37.913824,Bernadette,63,7,7.99
398,2022-09-14 17:48:20.328543,John,62,4,11.98
399,2022-09-14 06:59:45.690444,Mabel,85,9,15.98
400,2022-09-14 17:06:33.585926,Joel,99,3,7.99
401,2022-09-14 00:38:46.969748,Mary,28,0,33.96
402,2022-09-14 13:13:31.796349,Margaret,25,9,15.98
403,2022-09-14 05:21:57.852949,Todd,64,2,21.97
404,2022-09-14 09:09:47.754352,Richard,76,0,22.97
405,2022-09-14 20:13:55.460274,Clark,21,6,15.98
406,2022-09-14 19:12:28.670324,Jason,73,2,24.97
407,2022-09-14 03:36:35.948287,Deanna,53,6,22.97
408,2022-09-14 13:53:50.773275,Jason,73,0,40.95
409,2022-09-14 16:52:29.346884,Robert,84,6,19.97
410,2022-09-14 12:36:22.052326,Bobby,5,9,15.98
411,2022-09-14 12:28:52.022538,James,82,0,19.98
412,2022-09-14 16:18:41.426338,Sherrie,16,7,41.94
413,2022-09-14 16:39:39.644130,Patrice,66,6,11.98
414,2022-09-14 02:22:46.035574,Nolan,19,2,33.96
415,2022-09-14 18:02:23.165207,Thurman,67,3,27.96
416,2022-09-14 11:31:35.145403,Yvonne,3,6,14.98
417,2022-09-14 01:22:52.724365,Ricardo,87,8,15.98
418,2022-09-14 06:23:28.157477,James,82,9,17.98
419,2022-09-14 14:50:29.547245,Nolan,19,6,17.98
420,2022-09-14 18:55:24.369286,Rosa,17,5,37.95
421,2022-09-14 16:45:59.385866,Sherrie,16,2,15.98
422,2022-09-14 09:40:01.814481,Barbara,2,5,11.98
423,2022-09-14 22:15:55.030286,Paul,40,5,49.94
424,2022-09-14 05:44:10.682504,Paul,40,6,6.99
425,2022-09-14 20:44:08.860036,Kristen,55,7,28.96
426,2022-09-14 00:21:24.233882,Robert,84,8,29.96
427,2022-09-14 08:46:42.651758,Terry,50,1,7.99
428,2022-09-14 06:19:26.205982,Bernadette,63,0,33.96
429,2022-09-14 03:01:04.573191,Stacey,88,2,13.98
430,2022-09-14 13:23:36.201866,Bobby,5,1,14.98
431,2022-09-14 00:23:08.515422,Russell,51,3,7.99
432,2022-09-14 08:18:45.798612,Richard,14,2,6.99
433,2022-09-14 23:17:33.752552,Richard,14,9,13.98
434,2022-09-14 19:49:49.586873,Maureen,11,3,38.95
435,2022-09-14 09:55:57.388765,Maureen,11,5,23.97
436,2022-09-14 03:28:27.987726,Christopher,42,0,42.95
437,2022-09-14 07:31:11.169288,Patrice,66,3,13.98
438,2022-09-14 19:08:11.186593,Joe,49,6,6.99
439,2022-09-14 09:04:57.534653,Stephanie,26,2,6.99
440,2022-09-14 02:41:30.390811,Nolan,19,6,8.99
441,2022-09-15 17:18:37.208276,Norma,83,4,36.95
442,2022-09-15 04:25:14.513033,Don,36,2,27.96
443,2022-09-15 12:32:34.254119,Curtis,13,6,16.98
444,2022-09-15 07:20:09.964736,Christopher,42,0,36.96
445,2022-09-15 22:35:01.566540,Laura,20,2,33.96
446,2022-09-15 03:06:57.640968,Margaret,25,3,37.95
447,2022-09-15 06:58:39.425025,Clark,21,2,36.96
448,2022-09-15 20:40:44.303169,Juana,70,3,34.95
449,2022-09-15 06:09:33.289871,Thurman,67,8,21.97
450,2022-09-15 15:20:30.918646,Bernadette,63,6,47.94
451,2022-09-15 00:13:58.346823,Joshua,90,8,15.98
452,2022-09-15 04:59:38.601827,Yvonne,3,6,6.99
453,2022-09-15 14:08:13.254839,Bobby,5,2,8.99
454,2022-09-15 15:01:50.636167,Ruth,33,7,5.99
455,2022-09-15 06:04:50.155251,Jean,35,2,19.97
456,2022-09-15 16:26:45.507054,Crystal,92,5,11.98
457,2022-09-15 16:49:17.763478,Robert,84,8,19.97
458,2022-09-15 06:01:50.853889,Joe,49,9,27.96
459,2022-09-15 20:04:13.963754,Pamela,75,8,43.95
460,2022-09-15 03:04:44.059056,Joshua,90,1,26.96
461,2022-09-15 02:18:47.195750,William,93,0,30.96
462,2022-09-15 15:52:16.559774,Jean,24,6,21.97
463,2022-09-15 22:53:10.597010,Marjorie,57,5,15.98
464,2022-09-15 13:15:25.060791,William,29,8,28.96
465,2022-09-15 14:51:48.142681,Francisco,86,1,32.95
466,2022-09-15 18:49:01.424981,Scarlet,81,9,19.97
467,2022-09-15 11:09:04.445017,Robert,84,4,36.95
468,2022-09-15 18:49:37.475571,John,62,1,15.98
469,2022-09-15 21:16:31.380727,Christopher,42,3,22.97
470,2022-09-15 08:03:03.640392,Richard,38,0,37.94
471,2022-09-15 07:12:19.019428,Annie,97,6,22.97
472,2022-09-15 10:23:45.847380,Dale,52,5,8.99
473,2022-09-15 11:55:23.096598,Clara,72,7,5.99
474,2022-09-15 06:55:58.863916,James,71,4,25.97
475,2022-09-15 07:05:28.584361,Harvey,22,0,28.97
476,2022-09-15 14:32:35.069275,Raul,1,4,39.95
477,2022-09-15 07:24:09.454852,Arthur,6,2,8.99
478,2022-09-15 22:48:54.006702,Deanna,53,9,22.97
479,2022-09-15 21:53:49.844619,Latasha,41,5,8.99
480,2022-09-15 21:12:58.724427,Barbara,2,2,37.95
481,2022-09-15 13:14:27.587624,Crystal,92,4,34.96
482,2022-09-15 19:51:40.105440,Russell,51,9,7.99
483,2022-09-15 12:30:33.685994,Clark,21,2,8.99
484,2022-09-15 20:10:47.638292,Nancy,39,7,7.99
485,2022-09-15 03:23:29.448077,Maricela,65,6,33.96
486,2022-09-15 17:50:29.538608,Rosa,17,9,14.98
487,2022-09-15 14:54:40.472424,Patrice,66,2,33.96
488,2022-09-15 16:44:03.452217,John,62,4,15.98
489,2022-09-15 21:19:06.674111,Mable,9,2,15.98
490,2022-09-15 04:43:09.649101,Robert,84,0,31.96
491,2022-09-16 11:22:52.757654,James,71,8,36.96
492,2022-09-16 14:33:05.890475,Carole,91,9,24.97
493,2022-09-16 10:51:04.053270,Jason,73,2,31.96
494,2022-09-16 23:08:41.199626,Barbara,2,6,25.97
495,2022-09-16 17:17:04.319996,Ruth,33,6,9.99
496,2022-09-16 09:33:08.724284,Dale,52,9,5.99
497,2022-09-16 09:03:05.222935,Christopher,42,4,19.98
498,2022-09-16 21:57:11.692270,Todd,64,2,15.98
499,2022-09-16 06:08:40.604519,Arthur,6,6,39.95
500,2022-09-16 19:20:32.777979,Jason,73,3,6.99
501,2022-09-16 05:22:34.302868,David,56,0,5.99
502,2022-09-16 23:27:25.630257,Clara,72,3,25.97
503,2022-09-16 17:35:07.327928,Richard,38,0,15.98
504,2022-09-16 03:38:50.203113,Richard,38,2,20.97
505,2022-09-16 21:11:24.616834,Crystal,92,6,39.94
506,2022-09-16 11:11:11.989222,Rosa,17,4,16.98
507,2022-09-16 22:59:33.381887,George,59,2,33.96
508,2022-09-16 21:18:12.463450,Richard,68,2,33.96
509,2022-09-16 03:53:24.903296,Yvonne,3,6,16.98
510,2022-09-16 01:33:28.103236,Mary,28,2,25.97
511,2022-09-16 06:30:36.400488,Richard,68,2,26.97
512,2022-09-16 11:17:28.867936,Maricela,65,4,18.98
513,2022-09-16 01:40:14.693137,Robert,84,1,34.95
514,2022-09-16 09:18:24.895627,Yvonne,3,4,25.97
515,2022-09-16 11:18:05.926018,John,4,9,16.98
516,2022-09-16 16:45:42.414070,Don,36,1,23.97
517,2022-09-16 10:56:41.181317,Jean,35,8,23.97
518,2022-09-16 04:34:16.522549,Richard,14,4,5.99
519,2022-09-16 17:05:19.794571,Clara,72,9,21.97
520,2022-09-16 11:56:53.982227,David,56,3,19.98
521,2022-09-16 10:00:09.753412,Ruth,33,1,36.96
522,2022-09-16 19:10:46.464239,Kristen,55,2,35.96
523,2022-09-16 09:42:09.529982,Crystal,92,8,23.97
524,2022-09-17 18:37:02.898366,Yvonne,3,1,49.94
525,2022-09-17 11:05:46.886088,Lisa,54,8,5.99
526,2022-09-17 05:32:51.206324,Antonio,79,9,19.98
527,2022-09-17 01:12:25.556688,Maricela,65,5,7.99
528,2022-09-17 16:36:45.741949,Eugene,94,6,27.96
529,2022-09-17 06:24:41.459302,Richard,76,9,34.96
530,2022-09-17 21:45:33.776551,Kathryn,18,3,23.97
531,2022-09-17 10:58:57.941980,George,59,8,9.99
532,2022-09-17 05:10:15.658114,Margaret,34,6,29.96
533,2022-09-17 13:46:53.333809,Dale,52,5,43.95
534,2022-09-17 14:38:13.828957,Nolan,19,3,11.98
535,2022-09-17 16:31:50.623908,Daniel,95,7,5.99
536,2022-09-17 18:49:42.952163,Todd,64,8,5.99
537,2022-09-17 14:22:36.566426,Jean,24,3,15.98
538,2022-09-17 14:16:19.522134,Christine,47,3,9.99
539,2022-09-17 15:40:12.781211,Mable,9,0,24.97
540,2022-09-17 15:48:36.178232,Don,36,2,37.95
541,2022-09-17 23:04:17.240628,Don,36,3,29.97
542,2022-09-17 21:44:24.782872,Ruth,33,9,21.97
543,2022-09-17 21:52:25.688603,Barbara,2,3,6.99
544,2022-09-17 03:15:25.419845,John,98,4,34.96
545,2022-09-17 02:13:46.768465,Joe,49,4,39.95
546,2022-09-17 03:23:52.506226,Don,36,7,21.97
547,2022-09-17 01:13:35.337922,Deanna,53,7,42.95
548,2022-09-17 07:38:08.897508,Ricardo,87,3,5.99
549,2022-09-17 14:18:13.993156,David,56,3,17.98
550,2022-09-17 21:45:57.675602,Barbara,48,0,15.98
551,2022-09-17 10:48:57.287986,Juana,70,9,12.98
552,2022-09-17 12:58:27.361752,Sara,89,0,18.98
553,2022-09-17 22:58:48.495240,Lisa,54,4,31.96
554,2022-09-17 12:05:47.579834,Nolan,19,0,13.98
555,2022-09-17 21:23:34.702796,Default,0,8,6.99
556,2022-09-17 16:00:33.253889,Joel,99,7,17.98
557,2022-09-17 13:52:24.099400,Terry,50,7,35.95
558,2022-09-17 08:29:52.226990,Robert,84,5,23.97
559,2022-09-17 17:22:44.711617,Maricela,65,3,13.98
560,2022-09-17 14:01:30.802287,Curtis,13,4,35.95
561,2022-09-17 01:39:54.138181,Francisco,86,4,27.97
562,2022-09-17 12:21:43.958769,Arthur,6,8,13.98
563,2022-09-17 19:20:50.951671,Antonio,79,3,22.97
564,2022-09-17 07:11:20.353447,Christopher,42,7,47.94
565,2022-09-17 18:00:40.482977,Eugene,94,6,31.96
566,2022-09-17 06:26:48.396312,Hugh,15,3,27.97
567,2022-09-17 11:32:54.784564,Juana,70,6,14.98
568,2022-09-17 18:54:32.888886,Joe,49,4,51.94
569,2022-09-17 21:22:08.594497,Thurman,67,5,19.97
570,2022-09-17 18:50:13.648743,Sherrie,16,8,26.96
571,2022-09-17 08:51:09.783029,Nancy,39,4,6.99
572,2022-09-17 23:40:40.539799,Christopher,42,4,5.99
573,2022-09-17 16:28:10.191903,Paul,40,0,16.98
574,2022-09-17 13:12:21.489321,John,62,5,13.98
575,2022-09-17 09:15:56.676978,Arthur,6,9,21.97
576,2022-09-17 04:39:07.822743,Todd,64,0,29.96
577,2022-09-17 18:16:04.401445,Francisco,86,6,31.96
578,2022-09-17 16:00:54.555366,Yvonne,3,0,29.96
579,2022-09-17 11:25:31.426025,Larry,8,9,43.95
580,2022-09-17 09:33:53.192082,Jeanette,12,2,31.96
581,2022-09-17 16:37:05.342298,George,59,3,16.98
582,2022-09-17 17:32:26.013449,Margaret,25,9,24.97
583,2022-09-17 03:40:51.490090,Nolan,19,8,37.96
584,2022-09-17 02:27:53.248878,Libby,78,6,8.99
585,2022-09-17 10:06:28.615294,Curtis,13,8,15.98
586,2022-09-17 21:14:39.620260,Maricela,65,3,9.99
587,2022-09-17 20:15:21.664614,Carole,91,8,14.98
588,2022-09-17 14:29:30.497558,Lisa,54,0,7.99
589,2022-09-17 04:14:24.099739,Jean,24,9,16.98
590,2022-09-17 20:29:36.180512,Thurman,67,1,8.99
591,2022-09-17 15:34:04.687230,John,98,2,13.98
592,2022-09-17 07:00:56.912576,Clark,21,1,17.98
593,2022-09-17 02:21:09.124475,William,77,1,17.98
594,2022-09-17 08:42:24.123842,Alex,7,0,21.97
595,2022-09-17 18:20:07.948177,Antonio,79,8,22.97
596,2022-09-17 08:11:30.955996,Mable,9,6,8.99
597,2022-09-17 04:33:59.943123,Patrice,66,9,7.99
598,2022-09-17 13:50:28.636173,David,37,2,35.95
599,2022-09-17 00:31:54.436389,Nettie,44,4,5.99
600,2022-09-17 13:17:10.390460,Libby,78,2,19.97
601,2022-09-17 21:32:20.570598,Arthur,6,8,33.96
602,2022-09-17 20:14:07.742132,Sally,32,4,36.95
603,2022-09-17 16:18:05.936608,Kathryn,18,2,31.96
604,2022-09-17 05:33:35.825835,Hugh,15,8,45.94
605,2022-09-17 20:15:06.454764,Patrice,66,0,9.99
606,2022-09-17 03:48:38.660794,Sally,32,1,25.97
607,2022-09-17 07:05:28.464246,Robert,84,7,27.97
608,2022-09-17 22:49:49.622385,David,56,3,55.94
609,2022-09-17 15:57:01.745565,Richard,14,2,33.96
610,2022-09-17 10:18:48.817090,Don,36,1,20.97
611,2022-09-17 02:23:42.022219,John,4,3,32.96
612,2022-09-17 01:58:07.281456,Patrice,66,0,8.99
613,2022-09-17 22:01:35.455093,Joel,99,9,38.95
614,2022-09-17 08:16:08.243256,Sally,32,7,29.96
615,2022-09-17 09:14:53.363436,Laura,20,0,31.96
616,2022-09-17 20:57:28.299788,Richard,14,6,33.96
617,2022-09-17 02:03:24.800283,Russell,51,7,5.99
618,2022-09-17 18:55:03.038231,Stephanie,26,5,15.98
619,2022-09-17 13:11:38.602630,Carole,91,8,7.99
620,2022-09-17 02:14:41.921781,Nettie,44,7,27.96
621,2022-09-17 12:52:38.393693,Norma,83,2,9.99
622,2022-09-17 20:39:17.589642,Jean,24,0,15.98
623,2022-09-17 07:32:02.915962,Sara,89,2,21.97
624,2022-09-17 23:21:34.214256,David,56,3,21.97
625,2022-09-17 16:31:56.053798,Clark,21,2,41.95
626,2022-09-17 11:24:42.420098,Norma,83,0,41.95
627,2022-09-17 02:42:33.991539,David,37,6,17.98
628,2022-09-17 19:26:04.780959,Lauren,74,4,11.98
629,2022-09-17 18:40:34.828125,Curtis,13,4,31.96
630,2022-09-17 19:26:04.401410,Dorothy,23,6,7.99
631,2022-09-17 05:59:41.649899,Emma,58,5,13.98
632,2022-09-17 03:16:42.041568,James,71,4,23.97
633,2022-09-17 20:19:08.707169,Nettie,44,3,20.97
634,2022-09-17 05:55:48.375452,Todd,64,5,35.96
635,2022-09-17 22:57:14.011474,Russell,51,2,29.96
636,2022-09-17 11:42:59.619412,Dorothy,23,3,31.96
637,2022-09-17 21:59:49.641775,Lauren,74,3,41.95
638,2022-09-17 11:37:56.734378,Paul,40,8,31.96
639,2022-09-17 08:01:27.369361,Ricardo,87,3,47.94
640,2022-09-17 07:46:26.849333,David,37,0,15.98
641,2022-09-17 19:34:50.437415,Laura,20,0,7.99
642,2022-09-17 09:38:11.889538,Jason,73,4,33.96
643,2022-09-17 07:33:44.071285,Richard,76,1,7.99
644,2022-09-17 16:08:42.039021,George,59,7,24.97
645,2022-09-17 00:06:40.540708,Richard,14,1,13.98
646,2022-09-17 15:05:42.968643,Libby,78,0,39.95
647,2022-09-17 00:43:32.394444,Russell,51,4,6.99
648,2022-09-17 09:23:20.215898,Jean,35,2,5.99
649,2022-09-17 02:36:14.223315,Nolan,19,8,6.99
650,2022-09-17 11:21:54.986235,Paul,40,9,15.98
651,2022-09-17 07:31:25.269143,Pauline,61,0,34.96
652,2022-09-17 20:11:47.785700,Nettie,44,3,18.98
653,2022-09-17 01:45:47.638943,David,56,7,41.95
654,2022-09-17 11:42:14.220363,Nolan,19,0,18.98
655,2022-09-17 16:39:39.351367,James,71,1,8.99
656,2022-09-17 09:36:59.138209,Jess,30,8,26.97
657,2022-09-17 23:32:50.187622,John,4,6,15.98
658,2022-09-17 15:29:11.131676,Bruce,80,7,38.95
659,2022-09-17 05:59:15.118768,Christopher,42,4,7.99
660,2022-09-17 23:35:58.622680,Don,36,5,15.98
661,2022-09-17 16:13:39.644783,Nancy,39,4,25.97
662,2022-09-17 11:49:27.088721,Yvonne,3,0,13.98
663,2022-09-17 08:25:21.835759,Scarlet,81,2,11.98
664,2022-09-17 15:03:30.179093,Rosa,17,1,24.97
665,2022-09-17 12:17:05.267214,Don,36,7,37.96
666,2022-09-17 06:03:45.149139,Alex,7,6,37.95
667,2022-09-17 03:17:37.901933,Barbara,2,0,31.96
668,2022-09-17 01:46:07.344109,Emma,58,2,15.98
669,2022-09-17 16:55:41.100141,Pauline,61,0,24.97
670,2022-09-17 12:16:13.937201,Stacey,88,5,29.96
671,2022-09-17 17:53:07.884647,Lisa,54,1,19.98
672,2022-09-17 14:56:10.611773,Jean,35,5,51.94
673,2022-09-17 06:58:25.872808,George,59,6,11.98
674,2022-09-17 16:29:01.953954,Margaret,25,9,22.97
675,2022-09-17 14:33:17.890123,Barbara,48,0,17.98
676,2022-09-17 19:22:46.657418,Rosa,17,8,31.96
677,2022-09-17 04:07:22.890074,Dorothy,23,9,5.99
678,2022-09-17 08:34:37.373716,Todd,64,7,24.97
679,2022-09-17 07:41:48.526237,Sara,89,9,7.99
680,2022-09-17 11:35:47.937740,Norma,83,4,24.97
681,2022-09-17 15:21:08.290121,Thurman,67,4,33.96
682,2022-09-17 20:20:33.049210,Emma,58,1,43.95
683,2022-09-17 04:08:50.547113,Richard,14,7,38.95
684,2022-09-17 05:35:29.118228,Christopher,42,9,22.97
685,2022-09-17 18:56:14.175240,Lisa,54,4,29.96
686,2022-09-17 11:44:37.740495,Peter,96,1,25.97
687,2022-09-17 08:47:34.837348,Alfred,10,4,36.95
688,2022-09-17 06:09:55.067384,Maricela,65,2,34.96
689,2022-09-17 15:44:36.771796,Jason,45,8,33.96
690,2022-09-17 05:16:21.944354,Barbara,2,7,39.95
691,2022-09-17 09:43:32.481784,Richard,38,2,20.97
692,2022-09-17 04:44:52.820606,Ricardo,87,1,49.94
693,2022-09-17 12:33:16.169238,Larry,8,3,23.97
694,2022-09-17 10:40:09.878638,Patrice,66,0,21.97
695,2022-09-17 15:18:26.507878,Harvey,22,6,13.98
696,2022-09-17 01:25:19.585180,Clark,21,2,15.98
697,2022-09-17 17:59:26.888350,Margaret,34,1,29.96
698,2022-09-17 10:51:27.930507,William,93,5,7.99
699,2022-09-17 08:59:52.059370,Hugh,15,9,25.96
700,2022-09-17 22:53:13.818076,Joel,99,3,29.96
701,2022-09-17 13:00:49.116949,Curtis,13,6,15.98
702,2022-09-17 19:46:40.622831,Kathryn,18,4,17.97
703,2022-09-17 23:26:24.941459,John,98,6,6.99
704,2022-09-17 11:56:25.744202,Thurman,67,7,34.96
705,2022-09-17 17:36:05.974294,Dale,52,6,18.97
706,2022-09-17 01:49:51.647873,Kathryn,18,9,16.98
707,2022-09-17 08:23:39.714583,Margaret,34,2,20.97
708,2022-09-18 13:20:01.305153,Nancy,39,3,17.98
709,2022-09-18 01:29:26.107310,Mable,9,4,23.97
710,2022-09-18 14:18:26.366965,Nancy,39,9,5.99
711,2022-09-18 13:13:02.436893,Barbara,2,4,6.99
712,2022-09-18 15:14:12.612547,Nolan,19,4,41.95
713,2022-09-18 10:48:26.496855,Stacey,88,7,15.98
714,2022-09-18 20:10:23.278249,Clara,72,4,7.99
715,2022-09-18 06:54:01.939723,John,4,4,24.97
716,2022-09-18 14:47:08.576661,William,29,5,9.99
717,2022-09-18 20:11:35.394088,Mabel,85,2,30.96
718,2022-09-18 00:16:41.081082,Juana,70,8,23.97
719,2022-09-18 18:15:21.039788,Rosa,17,3,25.96
720,2022-09-18 23:11:09.434251,Christine,47,6,28.96
721,2022-09-18 23:55:07.382437,John,4,3,28.97
722,2022-09-18 11:37:46.519667,James,82,1,15.98
723,2022-09-18 06:36:12.495750,Curtis,13,7,25.97
724,2022-09-18 15:53:49.955312,Barbara,48,3,25.96
725,2022-09-18 15:32:02.421648,Patrice,66,2,15.98
726,2022-09-18 23:33:45.436870,Pauline,61,1,35.96
727,2022-09-18 01:08:34.432944,Stephanie,26,9,11.98
728,2022-09-18 01:19:07.972644,Default,0,1,37.95
729,2022-09-18 17:33:43.428193,Sherrie,16,7,29.96
730,2022-09-18 09:50:18.343836,Joel,99,3,8.99
731,2022-09-18 17:41:20.951086,Crystal,92,8,46.95
732,2022-09-18 11:35:53.124372,Daniel,95,5,36.95
733,2022-09-18 10:51:24.148260,Paul,40,8,37.96
734,2022-09-18 12:36:34.856557,John,4,9,39.95
735,2022-09-18 07:56:14.125200,Deanna,53,1,13.98
736,2022-09-18 15:06:24.511529,Emma,58,5,44.95
737,2022-09-18 15:55:40.505291,Carole,91,6,22.97
738,2022-09-18 17:12:44.910039,Arthur,6,1,19.97
739,2022-09-18 23:38:50.642664,Jean,24,5,27.97
740,2022-09-18 23:39:42.748167,Arthur,6,0,21.97
741,2022-09-18 08:26:36.656666,Carole,91,6,18.97
742,2022-09-18 22:26:42.079370,Pamela,75,5,20.97
743,2022-09-18 18:59:12.948850,Stephanie,26,3,9.99
744,2022-09-18 07:40:06.824299,Christopher,42,3,16.98
745,2022-09-18 02:19:32.371776,William,93,3,17.98
746,2022-09-18 00:46:11.161287,Clark,21,3,20.97
747,2022-09-18 22:21:51.891070,William,29,7,33.96
748,2022-09-18 05:03:32.236769,Norma,83,8,8.99
749,2022-09-18 19:21:24.865430,Yvonne,3,2,8.99
750,2022-09-18 15:14:33.183626,Richard,68,9,33.95
751,2022-09-18 01:56:58.137562,Juana,70,3,30.96
752,2022-09-18 10:44:12.155093,Richard,38,8,11.98
753,2022-09-18 18:31:27.683091,Jeanette,12,8,26.97
754,2022-09-18 09:57:40.337447,Maureen,11,7,15.98
755,2022-09-18 14:25:15.631146,Jeanette,12,9,46.95
756,2022-09-18 02:45:52.819910,Paul,40,9,22.97
757,2022-09-18 01:28:00.847721,Margaret,34,9,14.98
758,2022-09-19 18:45:46.259017,Nettie,44,0,36.95
759,2022-09-19 20:38:22.973683,Latasha,41,5,5.99
760,2022-09-19 22:08:37.685277,Jeanette,12,8,6.99
761,2022-09-19 21:41:56.473474,Pamela,75,9,31.96
762,2022-09-19 16:34:12.325528,Richard,68,6,26.97
763,2022-09-19 22:04:43.310326,Libby,78,4,21.97
764,2022-09-19 23:38:00.956067,Nancy,39,5,5.99
765,2022-09-19 13:26:29.669607,Yvonne,3,1,38.95
766,2022-09-19 16:49:43.087778,Scarlet,81,8,15.98
767,2022-09-19 09:31:05.051460,Bobby,5,3,17.98
768,2022-09-19 10:42:55.632788,Crystal,92,0,26.97
769,2022-09-19 03:57:39.298636,Pamela,75,7,17.98
770,2022-09-19 21:47:16.104365,Laura,20,8,33.95
771,2022-09-19 23:30:12.435266,Nolan,19,7,13.98
772,2022-09-19 19:31:20.483631,Jean,35,9,43.95
773,2022-09-19 02:36:25.788877,Margaret,25,9,12.98
774,2022-09-19 11:11:16.587785,Joe,49,5,40.95
775,2022-09-19 14:57:51.592623,Barbara,2,8,5.99
776,2022-09-19 23:41:18.868552,Mary,28,2,27.97
777,2022-09-19 18:04:23.744283,Carole,91,3,11.98
778,2022-09-19 19:31:23.101210,Patrice,66,6,18.98
779,2022-09-19 06:00:01.206795,David,69,3,27.96
780,2022-09-19 08:09:15.675918,Joe,49,7,39.95
781,2022-09-19 05:15:33.978122,Kristen,55,8,16.98
782,2022-09-19 04:40:17.102187,George,59,1,29.96
783,2022-09-19 22:23:07.241849,Bruce,80,3,9.99
784,2022-09-19 16:04:00.576683,David,56,2,35.96
785,2022-09-19 10:29:54.571932,Kelly,46,2,7.99
786,2022-09-19 11:26:00.979007,Eugene,94,3,24.97
787,2022-09-19 02:46:18.955066,Raul,1,3,44.95
788,2022-09-19 02:31:10.618731,Carole,91,4,17.98
789,2022-09-19 20:29:30.133505,Richard,38,7,13.98
790,2022-09-19 07:29:19.351848,Bernadette,63,3,6.99
791,2022-09-19 16:34:19.490027,Mary,28,6,47.94
792,2022-09-19 05:15:01.558503,Francisco,86,5,27.96
793,2022-09-19 15:01:42.436402,Norma,83,0,31.96
794,2022-09-19 16:05:20.967530,Yvonne,3,3,35.96
795,2022-09-19 13:08:24.872655,Nettie,44,6,25.97
796,2022-09-19 13:59:07.432397,Marjorie,57,4,35.95
797,2022-09-20 09:03:38.305206,Peter,96,0,25.97
798,2022-09-20 13:55:33.605540,Bruce,80,6,14.98
799,2022-09-20 14:17:38.380961,Margaret,34,5,14.98
800,2022-09-20 09:38:52.721622,Laura,20,5,18.98
801,2022-09-20 01:22:30.064512,Richard,14,5,5.99
802,2022-09-20 11:05:32.550913,Bruce,80,1,17.97
803,2022-09-20 02:22:46.506920,Robert,84,4,21.97
804,2022-09-20 10:04:21.937277,Stacey,88,6,14.98
805,2022-09-20 14:33:20.547920,Pamela,75,5,8.99
806,2022-09-20 10:20:35.598854,Clara,72,0,24.97
807,2022-09-20 11:50:49.426614,Christopher,42,5,5.99
808,2022-09-20 13:11:01.072417,Marjorie,57,4,24.97
809,2022-09-20 12:27:15.025872,Yvonne,3,3,15.98
810,2022-09-20 03:38:07.951290,Peter,96,2,27.97
811,2022-09-20 07:24:16.170236,Christine,47,4,39.96
812,2022-09-20 01:10:21.787685,Douglas,31,0,16.98
813,2022-09-20 05:59:33.644735,Carole,91,8,5.99
814,2022-09-20 05:04:09.934060,Richard,38,5,13.98
815,2022-09-20 05:25:09.946068,Sherrie,16,1,24.97
816,2022-09-20 13:21:34.391781,Terry,50,7,15.98
817,2022-09-20 18:52:55.682915,Nolan,19,2,28.97
818,2022-09-20 02:09:25.835902,George,59,5,31.96
819,2022-09-20 15:19:15.841209,Peter,96,7,45.95
820,2022-09-20 11:39:54.381628,Pauline,61,5,19.98
821,2022-09-20 01:11:27.836062,Terry,27,6,5.99
822,2022-09-20 07:14:38.230146,Arthur,6,6,34.96
823,2022-09-20 22:05:34.804642,David,37,7,5.99
824,2022-09-20 00:46:56.939029,Bobby,5,6,17.98
825,2022-09-20 03:34:22.944505,Norma,83,0,11.98
826,2022-09-20 02:47:17.992865,Alex,7,0,36.96
827,2022-09-20 01:18:44.864949,Joe,49,6,45.95
828,2022-09-20 13:50:49.415881,Libby,78,7,36.95
829,2022-09-20 08:38:31.982927,Barbara,48,8,13.98
830,2022-09-20 14:46:50.287774,Clara,72,3,25.97
831,2022-09-20 18:22:03.272566,Stacey,88,6,17.98
832,2022-09-20 01:12:49.155938,Annie,97,9,15.98
833,2022-09-20 04:22:38.557652,James,82,9,18.97
834,2022-09-20 20:39:38.170068,Paul,40,6,15.98
835,2022-09-20 02:53:34.396889,Yvonne,3,5,8.99
836,2022-09-20 01:05:27.058721,Todd,64,1,20.97
837,2022-09-20 14:43:30.343692,Richard,14,3,13.98
838,2022-09-20 19:56:40.537838,Laura,20,2,25.97
839,2022-09-20 17:39:13.581544,Timothy,43,1,41.95
840,2022-09-20 16:37:21.167137,Margaret,25,2,45.94
841,2022-09-20 07:40:14.486196,Joel,99,0,27.97
842,2022-09-20 13:22:45.753364,Sally,32,7,6.99
843,2022-09-20 23:31:53.760493,Daniel,95,3,27.96
844,2022-09-20 11:32:45.787076,Terry,27,0,17.98
845,2022-09-20 03:23:38.330423,Dale,52,3,34.96
846,2022-09-20 16:32:37.002670,Douglas,31,6,40.95
847,2022-09-20 21:56:06.766282,Robert,84,2,27.96
848,2022-09-20 07:00:54.688167,Clara,72,6,17.98
849,2022-09-20 20:44:26.998360,Hugh,15,5,7.99
850,2022-09-20 12:03:40.848386,William,77,8,49.94
851,2022-09-20 09:26:04.870284,Ricardo,87,8,20.97
852,2022-09-20 07:48:27.402746,Terry,50,2,36.95
853,2022-09-20 06:04:05.658689,Sally,32,8,22.97
854,2022-09-20 19:13:53.295555,Joshua,90,3,40.95
855,2022-09-20 15:50:25.355011,James,71,0,16.98
856,2022-09-20 15:56:00.958569,William,29,6,15.98
857,2022-09-20 21:53:28.265294,Antonio,79,4,33.95
858,2022-09-20 13:26:49.221285,David,69,2,11.98
859,2022-09-20 08:14:45.152059,Barbara,2,7,7.99
860,2022-09-20 12:12:32.928418,Lauren,74,9,28.96
861,2022-09-20 05:48:31.183925,Barbara,2,1,8.99
862,2022-09-20 23:57:42.755702,Francisco,86,1,9.99
863,2022-09-20 04:18:49.663389,Todd,64,7,53.94
864,2022-09-20 16:13:39.253383,Sara,89,1,13.98
865,2022-09-20 13:07:52.917663,Juana,70,1,19.97
866,2022-09-20 06:02:56.545274,Lisa,54,0,35.96
867,2022-09-20 05:00:24.268127,Richard,76,0,38.96
868,2022-09-20 09:55:36.052892,Rosa,17,8,29.96
869,2022-09-20 10:23:52.215807,Samuel,60,0,35.96
870,2022-09-20 13:36:35.355136,Libby,78,5,20.97
871,2022-09-20 11:59:24.665454,James,71,8,6.99
872,2022-09-20 19:36:52.119149,Richard,38,9,7.99
873,2022-09-20 20:13:15.443885,Jean,35,6,27.96
874,2022-09-20 21:16:03.861217,Norma,83,1,31.96
875,2022-09-20 14:46:36.641184,Curtis,13,6,29.96
876,2022-09-20 21:19:48.511414,Todd,64,9,8.99
877,2022-09-20 02:13:30.581133,David,37,4,6.99
878,2022-09-20 11:43:11.532321,James,71,5,29.96
879,2022-09-20 15:32:10.119903,William,29,0,26.97
880,2022-09-20 14:08:16.042443,Larry,8,9,24.97
881,2022-09-20 09:52:53.153663,Sally,32,0,21.97
882,2022-09-20 08:38:32.570764,Rosa,17,1,37.95
883,2022-09-20 04:43:17.574494,Scarlet,81,9,27.97
884,2022-09-20 04:31:59.945540,Joshua,90,2,41.95
885,2022-09-20 05:36:10.359587,Pauline,61,4,33.96
886,2022-09-20 14:51:14.151979,Terry,27,6,12.98
887,2022-09-20 18:11:43.126446,Curtis,13,9,21.97
888,2022-09-20 01:33:36.770710,Kristen,55,4,27.97
889,2022-09-20 05:24:36.017831,Laura,20,6,31.96
890,2022-09-20 22:37:39.912577,Dorothy,23,5,21.97
891,2022-09-20 15:48:01.174533,Jason,73,9,36.95
892,2022-09-20 06:07:42.036102,Barbara,48,7,7.99
893,2022-09-20 16:56:18.974343,Bruce,80,7,8.99
894,2022-09-20 13:39:03.188868,Todd,64,1,13.98
895,2022-09-20 11:30:24.937471,Barbara,2,1,23.97
896,2022-09-20 00:35:14.195512,Carole,91,8,39.95
897,2022-09-20 16:24:20.890442,Daniel,95,7,29.96
898,2022-09-20 13:19:14.628520,James,82,0,22.97
899,2022-09-20 19:17:12.850424,Antonio,79,9,9.99
900,2022-09-20 16:05:47.228615,Don,36,8,29.96
901,2022-09-20 19:04:21.523174,Richard,38,9,37.95
902,2022-09-20 15:16:12.789554,Annie,97,9,33.96
903,2022-09-20 01:36:27.707968,Stephanie,26,3,5.99
904,2022-09-20 14:33:32.940805,James,71,8,51.94
905,2022-09-20 02:01:50.570548,Kathryn,18,4,8.99
906,2022-09-20 13:48:05.625842,Peter,96,7,31.96
907,2022-09-20 17:07:36.440883,Mabel,85,3,25.96
908,2022-09-20 16:57:50.711533,Douglas,31,2,44.95
909,2022-09-20 09:53:20.320943,Harvey,22,9,31.96
910,2022-09-20 00:29:57.499415,Samuel,60,4,37.95
911,2022-09-20 04:47:15.372759,Jess,30,9,13.98
912,2022-09-20 03:46:11.489486,John,4,5,9.99
913,2022-09-20 06:08:14.361779,Richard,38,5,17.98
914,2022-09-20 07:52:04.829896,Sara,89,4,19.98
915,2022-09-20 03:10:35.402917,Kristen,55,5,22.97
916,2022-09-20 07:57:52.537037,Thurman,67,3,36.95
917,2022-09-20 05:18:43.279351,Nettie,44,1,19.98
918,2022-09-20 23:20:28.532678,Maureen,11,6,38.95
919,2022-09-20 07:10:16.566515,David,69,1,19.97
920,2022-09-20 11:01:30.335254,Margaret,25,0,23.97
921,2022-09-20 03:00:16.167002,William,29,0,37.95
922,2022-09-20 19:36:12.522708,Nolan,19,6,29.96
923,2022-09-20 14:04:12.321168,Annie,97,8,19.98
924,2022-09-20 21:45:13.893089,Bobby,5,2,39.95
925,2022-09-20 14:29:34.797407,Robert,84,4,49.94
926,2022-09-20 06:10:18.867280,Russell,51,5,21.97
927,2022-09-20 23:31:30.295715,Alex,7,1,26.97
928,2022-09-20 11:20:34.851503,Joshua,90,0,27.96
929,2022-09-20 07:44:09.409577,Barbara,2,8,7.99
930,2022-09-20 10:32:06.032204,Jean,35,8,33.96
931,2022-09-20 15:06:21.917258,Clara,72,8,18.98
932,2022-09-20 13:17:06.307726,Maricela,65,9,17.98
933,2022-09-20 01:01:25.479113,Mable,9,7,20.97
934,2022-09-20 00:16:54.074744,Richard,68,6,13.98
935,2022-09-20 19:06:08.966404,Richard,76,6,7.99
936,2022-09-20 18:02:54.761802,Norma,83,2,34.95
937,2022-09-20 10:02:35.481735,Alex,7,6,19.97
938,2022-09-20 05:27:46.058757,Carole,91,0,33.95
939,2022-09-20 12:16:54.848117,Nancy,39,4,7.99
940,2022-09-20 16:26:17.106039,Joe,49,4,19.98
941,2022-09-20 11:23:09.304592,Antonio,79,0,29.95
942,2022-09-20 01:48:06.145140,Pauline,61,2,41.94
943,2022-09-20 23:03:54.531391,Joel,99,5,25.97
944,2022-09-20 12:55:16.732258,Nettie,44,4,13.98
945,2022-09-20 03:08:54.071916,Francisco,86,5,7.99
946,2022-09-20 06:53:34.296399,Scarlet,81,1,15.98
947,2022-09-20 08:35:00.594908,Harvey,22,4,32.96
948,2022-09-20 15:32:42.203278,Default,0,1,41.95
949,2022-09-20 02:16:30.649882,Todd,64,3,7.99
950,2022-09-20 14:06:34.193536,Sally,32,5,15.98
951,2022-09-20 12:30:38.399014,Bobby,5,1,17.98
952,2022-09-20 22:29:43.661190,Jean,24,3,19.98
953,2022-09-20 00:22:15.242141,James,71,5,19.98
954,2022-09-20 13:05:39.130960,Nancy,39,5,8.99
955,2022-09-20 08:00:49.341524,Margaret,25,9,23.96
956,2022-09-20 21:01:40.048387,Larry,8,0,37.96
957,2022-09-20 18:13:07.974933,Arthur,6,3,12.98
958,2022-09-20 22:27:53.368594,Alfred,10,8,6.99
959,2022-09-20 22:15:40.728439,Alex,7,0,27.97
960,2022-09-20 03:00:26.454957,Richard,14,4,15.98
961,2022-09-20 02:11:12.373769,Libby,78,3,49.94
962,2022-09-20 09:55:22.304590,Ricardo,87,5,45.95
963,2022-09-20 20:15:01.708620,William,93,4,39.95
964,2022-09-20 04:44:07.920101,Harvey,22,6,28.97
965,2022-09-20 02:54:37.783494,David,37,2,20.97
966,2022-09-20 18:34:07.469102,Terry,50,4,25.97
967,2022-09-20 18:46:39.472632,Pauline,61,3,28.97
968,2022-09-20 15:00:06.410845,Curtis,13,9,6.99
969,2022-09-20 15:42:33.485777,Barbara,2,9,27.97
970,2022-09-20 22:43:47.018040,Crystal,92,6,24.97
971,2022-09-20 23:46:13.320724,Bernadette,63,6,19.98
972,2022-09-20 11:14:44.211757,Don,36,3,21.97
973,2022-09-20 22:47:30.213071,Joel,99,9,33.96
974,2022-09-20 21:50:41.860311,Patrice,66,0,22.97
975,2022-09-20 08:14:58.393280,Larry,8,8,29.97
976,2022-09-20 08:37:44.357276,David,37,4,33.96
977,2022-09-20 06:11:20.228281,Terry,50,4,27.97
978,2022-09-20 17:10:05.399493,Pamela,75,4,22.97
979,2022-09-20 18:59:35.378757,Kelly,46,6,13.98
980,2022-09-20 09:13:34.176941,Clark,21,2,20.97
981,2022-09-20 08:37:05.163534,Harvey,22,1,16.98
982,2022-09-20 03:12:15.528276,Antonio,79,4,29.96
983,2022-09-20 00:29:15.534756,Emma,58,3,31.96
984,2022-09-20 11:34:24.249577,Terry,50,5,31.96
985,2022-09-20 10:27:19.993201,Barbara,48,6,31.96
986,2022-09-20 18:16:19.270733,Mabel,85,2,37.95
987,2022-09-20 00:31:28.164776,Terry,27,8,15.98
988,2022-09-20 12:18:44.548084,Kathryn,18,5,36.95
989,2022-09-20 17:25:15.569346,Larry,8,5,15.98
990,2022-09-20 11:45:45.874956,Barbara,2,2,29.96
991,2022-09-21 02:24:19.880624,Nettie,44,9,13.98
992,2022-09-21 06:47:10.419231,Deanna,53,9,37.95
993,2022-09-21 08:36:44.524790,Sara,89,8,8.99
994,2022-09-21 05:21:44.050161,Alex,7,8,30.96
995,2022-09-21 00:23:28.883462,Ricardo,87,0,8.99
996,2022-09-21 13:48:30.445386,Christopher,42,3,23.97
997,2022-09-21 15:04:30.695897,Lisa,54,9,37.95
998,2022-09-21 09:50:21.039023,Richard,76,0,31.96
999,2022-09-21 23:00:45.554418,Clara,72,5,40.95
1000,2022-09-21 04:49:19.110663,Alex,7,5,23.97
1001,2022-09-21 22:06:43.317527,Lisa,54,9,27.96
1002,2022-09-21 17:05:50.910213,Juana,70,9,7.99
1003,2022-09-21 22:54:24.013442,James,82,3,33.96
1004,2022-09-21 09:28:04.500172,David,56,9,13.98
1005,2022-09-21 02:21:25.018504,Jeanette,12,2,27.97
1006,2022-09-21 09:48:06.469612,Juana,70,3,43.95
1007,2022-09-21 03:06:00.254768,Antonio,79,3,30.96
1008,2022-09-21 01:49:14.284358,Default,0,1,38.95
1009,2022-09-21 10:07:31.701339,Ruth,33,3,37.96
1010,2022-09-21 11:34:04.279603,Yvonne,3,6,25.97
1011,2022-09-21 05:13:09.128971,Eugene,94,1,23.97
1012,2022-09-21 13:05:28.459608,Margaret,25,4,19.98
1013,2022-09-21 20:55:45.268324,Rosa,17,1,43.95
1014,2022-09-21 16:21:09.039490,Deanna,53,6,9.99
1015,2022-09-21 23:13:51.431865,Richard,68,7,42.95
1016,2022-09-21 13:01:04.611617,John,62,0,21.97
1017,2022-09-22 06:35:42.364445,Default,0,8,9.99
1018,2022-09-22 02:50:08.461311,Lauren,74,7,27.97
1019,2022-09-22 09:35:14.227962,John,98,2,23.97
1020,2022-09-22 23:40:28.431887,William,29,7,13.98
1021,2022-09-22 17:25:08.524729,Terry,50,9,17.98
1022,2022-09-22 10:13:52.721065,Arthur,6,2,15.98
1023,2022-09-22 15:39:12.587242,Rosa,17,6,23.97
1024,2022-09-22 20:49:09.022555,Lauren,74,3,25.97
1025,2022-09-22 08:34:01.510111,Libby,78,6,30.95
1026,2022-09-22 13:04:47.983401,Jason,45,1,15.98
1027,2022-09-22 03:01:09.515056,Christopher,42,7,55.94
1028,2022-09-22 03:11:01.244968,Emma,58,3,31.96
1029,2022-09-22 22:59:36.894396,Margaret,34,2,21.97
1030,2022-09-22 05:14:39.473517,Yvonne,3,7,25.96
1031,2022-09-22 12:34:45.916141,Joel,99,7,30.96
1032,2022-09-22 10:22:35.808021,Clara,72,6,21.97
1033,2022-09-22 14:17:33.463210,Richard,38,9,14.98
1034,2022-09-22 17:19:30.115846,Nolan,19,5,37.96
1035,2022-09-22 03:01:16.928753,Jean,24,8,12.98
1036,2022-09-22 18:55:59.118894,Jess,30,7,6.99
1037,2022-09-22 08:29:52.909589,Dale,52,9,23.96
1038,2022-09-22 15:07:50.853135,Curtis,13,9,23.97
1039,2022-09-22 07:25:27.887522,Emma,58,0,5.99
1040,2022-09-22 18:30:05.000880,Mabel,85,6,11.98
1041,2022-09-22 15:30:39.871563,John,62,3,6.99
1042,2022-09-22 01:33:54.727826,Terry,27,5,15.98
1043,2022-09-22 00:17:15.021106,Clara,72,7,15.98
1044,2022-09-22 18:05:42.028042,Daniel,95,2,7.99
1045,2022-09-22 03:26:01.778991,Patrice,66,4,17.98
1046,2022-09-22 22:49:37.320531,Deanna,53,9,36.95
1047,2022-09-22 13:27:48.158062,Mable,9,0,8.99
1048,2022-09-22 06:12:20.359676,Margaret,34,1,21.97
1049,2022-09-22 17:59:07.347548,Nettie,44,6,11.98
1050,2022-09-22 00:25:54.003510,Annie,97,1,37.95
1051,2022-09-22 12:22:45.132184,Terry,27,3,15.98
1052,2022-09-22 10:16:57.963802,Curtis,13,7,23.96
1053,2022-09-22 20:33:18.870843,Christopher,42,4,29.96
1054,2022-09-22 18:24:21.575636,Raul,1,9,31.96
1055,2022-09-22 23:02:31.266451,Deanna,53,6,16.98
1056,2022-09-22 23:46:52.205220,Joshua,90,4,9.99
1057,2022-09-22 14:26:24.665494,Barbara,2,6,21.97
1058,2022-09-22 00:05:11.141381,Timothy,43,1,30.96
1059,2022-09-22 07:22:48.228454,Rosa,17,5,29.96
1060,2022-09-22 11:24:26.268827,William,93,7,32.95
1061,2022-09-22 15:30:13.037306,Bruce,80,7,35.96
1062,2022-09-22 03:39:11.760587,Jean,24,1,24.97
1063,2022-09-22 20:29:34.932871,Barbara,48,8,32.95
1064,2022-09-22 23:42:30.444075,Juana,70,4,17.98
1065,2022-09-22 11:21:07.926166,William,77,8,29.96
1066,2022-09-23 18:12:36.798513,Lisa,54,9,22.97
1067,2022-09-23 23:37:36.655909,James,71,9,38.95
1068,2022-09-23 02:59:02.289483,Raul,1,2,23.97
1069,2022-09-23 21:30:50.679540,Kelly,46,7,19.98
1070,2022-09-23 17:32:04.693670,Ruth,33,2,38.95
1071,2022-09-23 07:37:56.078583,Emma,58,9,17.97
1072,2022-09-23 15:02:46.887340,Robert,84,2,25.96
1073,2022-09-23 23:46:26.521863,Marjorie,57,6,21.97
1074,2022-09-23 23:28:29.893521,Joe,49,1,26.96
1075,2022-09-23 21:06:16.419401,Bobby,5,3,49.94
1076,2022-09-23 03:04:23.362235,Jean,35,0,43.95
1077,2022-09-23 08:56:55.903477,Paul,40,9,23.97
1078,2022-09-23 09:57:35.609832,David,69,1,22.97
1079,2022-09-23 07:43:09.025347,Lauren,74,3,27.96
1080,2022-09-23 01:52:10.263601,David,56,7,11.98
1081,2022-09-23 12:14:13.955884,Jason,45,8,30.96
1082,2022-09-23 08:35:40.691312,Default,0,7,17.98
1083,2022-09-23 13:23:31.775979,Alex,7,2,19.97
1084,2022-09-23 12:09:04.699580,Dorothy,23,4,7.99
1085,2022-09-23 23:09:34.298367,Maricela,65,3,23.97
1086,2022-09-23 00:51:37.526721,Bobby,5,6,31.96
1087,2022-09-23 07:45:54.872464,Bernadette,63,6,11.98
1088,2022-09-23 10:15:38.272610,Scarlet,81,5,23.97
1089,2022-09-23 05:05:52.198141,Alfred,10,5,23.96
1090,2022-09-23 17:13:09.578844,Harvey,22,2,11.98
1091,2022-09-23 15:44:39.557382,Sara,89,7,37.96
1092,2022-09-23 06:08:30.750698,Clara,72,0,29.96
1093,2022-09-23 13:59:31.080436,Sara,89,4,29.96
1094,2022-09-23 02:59:02.414246,Stephanie,26,0,35.96
1095,2022-09-23 20:07:02.172353,Mary,28,0,25.97
1096,2022-09-23 19:09:00.964939,Barbara,48,2,11.98
1097,2022-09-23 18:43:45.337706,Daniel,95,1,21.97
1098,2022-09-23 12:58:08.519981,Richard,76,3,13.98
1099,2022-09-23 05:13:18.836209,Default,0,5,18.97
1100,2022-09-23 22:52:18.248768,Emma,58,3,45.94
1101,2022-09-23 20:55:36.189357,George,59,0,21.97
1102,2022-09-23 17:13:49.478846,John,98,0,21.97
1103,2022-09-23 07:26:38.200614,Jess,30,0,21.97
1104,2022-09-23 03:04:04.635784,Joe,49,7,12.98
1105,2022-09-23 11:20:18.707533,Jean,24,0,42.95
1106,2022-09-23 21:19:00.299104,Larry,8,4,31.96
1107,2022-09-23 00:30:53.848696,Christine,47,9,22.97
1108,2022-09-24 05:36:48.365579,Bernadette,63,5,17.98
1109,2022-09-24 11:40:05.402655,Kristen,55,3,26.97
1110,2022-09-24 04:54:57.431764,Margaret,34,0,8.99
1111,2022-09-24 00:57:34.582877,Ruth,33,0,44.95
1112,2022-09-24 23:54:54.761651,Kathryn,18,2,17.97
1113,2022-09-24 21:58:39.271412,Larry,8,3,26.96
1114,2022-09-24 02:39:33.065944,Alex,7,4,8.99
1115,2022-09-24 20:52:39.197885,Alex,7,2,15.98
1116,2022-09-24 08:02:37.001631,Peter,96,3,13.98
1117,2022-09-24 19:22:04.686588,Francisco,86,1,9.99
1118,2022-09-24 21:04:25.590156,Mable,9,9,34.95
1119,2022-09-24 19:33:26.031765,Kristen,55,5,34.95
1120,2022-09-24 20:17:20.953139,Paul,40,9,5.99
1121,2022-09-24 16:55:28.725234,David,69,6,47.94
1122,2022-09-24 09:01:27.658816,Harvey,22,4,36.96
1123,2022-09-24 03:02:54.275197,Scarlet,81,0,26.97
1124,2022-09-24 08:34:19.418728,Stephanie,26,5,16.98
1125,2022-09-24 15:17:12.341239,Jean,24,0,19.97
1126,2022-09-24 09:22:25.317524,Robert,84,1,32.96
1127,2022-09-24 18:42:48.946423,David,69,7,14.98
1128,2022-09-24 00:55:11.440940,Libby,78,4,14.98
1129,2022-09-24 14:14:07.620236,Eugene,94,1,7.99
1130,2022-09-24 04:55:09.792167,Kathryn,18,0,31.96
1131,2022-09-24 01:46:51.843392,Richard,68,6,31.96
1132,2022-09-24 12:53:45.286508,William,29,7,29.950000000000003
1133,2022-09-24 10:50:30.744178,Richard,76,8,18.97
1134,2022-09-24 20:10:00.455665,Kelly,46,9,19.98
1135,2022-09-24 14:21:26.682521,Bernadette,63,5,26.96
1136,2022-09-24 07:49:41.904446,Barbara,2,4,28.96
1137,2022-09-24 20:57:03.326317,Dorothy,23,6,20.97
1138,2022-09-24 13:01:32.897325,Annie,97,5,22.97
1139,2022-09-24 10:56:50.521617,Jason,73,7,35.95
1140,2022-09-24 22:30:04.490691,Antonio,79,8,13.98
1141,2022-09-24 13:04:11.499626,James,71,4,30.96
1142,2022-09-24 02:09:32.490423,Sally,32,3,27.97
1143,2022-09-24 03:12:58.687133,Marjorie,57,3,21.97
1144,2022-09-24 05:16:15.515558,Stacey,88,0,27.96
1145,2022-09-24 04:05:26.529723,Mable,9,2,24.97
1146,2022-09-24 06:46:38.427326,Jeanette,12,0,39.95
1147,2022-09-24 23:29:32.729724,Don,36,2,18.98
1148,2022-09-25 11:25:24.358631,Joshua,90,3,15.98
1149,2022-09-25 02:59:15.548356,Patrice,66,6,13.98
1150,2022-09-25 12:04:46.898501,Paul,40,3,26.97
1151,2022-09-25 22:55:02.301018,Daniel,95,1,24.97
1152,2022-09-25 12:26:55.641670,Nancy,39,1,6.99
1153,2022-09-25 14:55:10.624372,Terry,27,3,32.96
1154,2022-09-25 05:11:20.604015,Carole,91,5,14.98
1155,2022-09-25 15:21:14.309669,Maureen,11,2,43.95
1156,2022-09-25 00:41:41.136659,Joe,49,2,15.98
1157,2022-09-25 09:59:50.707658,Alex,7,3,15.98
1158,2022-09-25 01:57:33.479795,Yvonne,3,0,19.98
1159,2022-09-25 13:27:14.275868,Yvonne,3,1,5.99
1160,2022-09-25 20:00:49.934419,Mary,28,6,25.97
1161,2022-09-25 04:20:31.885507,Clark,21,1,8.99
1162,2022-09-25 14:54:50.806294,Clark,21,3,16.98
1163,2022-09-25 05:56:59.558892,Lisa,54,5,8.99
1164,2022-09-25 00:09:27.464981,Kelly,46,1,31.96
1165,2022-09-25 07:04:44.936079,John,62,8,25.97
1166,2022-09-25 16:08:03.146266,Emma,58,3,21.97
1167,2022-09-25 09:02:56.899683,William,77,0,28.96
1168,2022-09-25 09:42:16.926049,Mabel,85,5,6.99
1169,2022-09-25 15:44:21.076433,Jess,30,2,55.94
1170,2022-09-25 16:42:26.071390,Hugh,15,4,31.96
1171,2022-09-25 10:36:54.274149,John,4,2,19.98
1172,2022-09-25 05:15:55.033859,Maureen,11,0,20.97
1173,2022-09-25 06:33:59.227731,Barbara,2,0,39.95
1174,2022-09-25 07:46:04.298889,Barbara,48,5,23.97
1175,2022-09-26 04:06:26.611705,Nettie,44,3,15.98
1176,2022-09-26 10:34:33.534514,John,62,7,29.96
1177,2022-09-26 19:42:47.271387,Nancy,39,6,39.95
1178,2022-09-26 13:13:03.772020,Lisa,54,7,29.96
1179,2022-09-26 03:17:33.157515,Jason,45,3,55.94
1180,2022-09-26 00:16:19.399169,Margaret,34,6,19.98
1181,2022-09-26 12:41:12.268904,Jean,35,3,33.96
1182,2022-09-26 09:37:18.792183,Raul,1,8,9.99
1183,2022-09-26 09:01:09.366396,Richard,14,1,15.98
1184,2022-09-26 08:26:59.257727,Dorothy,23,9,24.97
1185,2022-09-26 02:34:34.883544,William,77,4,8.99
1186,2022-09-26 09:39:57.740455,Joshua,90,8,30.96
1187,2022-09-26 06:45:52.343634,Joshua,90,4,27.97
1188,2022-09-26 09:49:55.091602,Norma,83,8,26.97
1189,2022-09-26 04:24:36.555014,Eugene,94,4,24.97
1190,2022-09-26 20:44:48.981539,Larry,8,5,26.97
1191,2022-09-26 07:51:14.615710,Sally,32,7,7.99
1192,2022-09-26 05:55:45.665645,Kelly,46,4,43.94
1193,2022-09-26 07:32:49.421307,Richard,68,4,5.99
1194,2022-09-26 21:28:03.308378,Crystal,92,3,15.98
1195,2022-09-26 17:03:43.773170,Larry,8,6,15.98
1196,2022-09-26 05:14:20.370749,Richard,14,3,17.98
1197,2022-09-26 09:24:10.619985,George,59,3,35.96
1198,2022-09-26 23:09:03.187584,Don,36,7,13.98
1199,2022-09-26 22:43:31.698701,Thurman,67,8,6.99
1200,2022-09-26 06:48:00.974994,Bernadette,63,2,5.99
1201,2022-09-26 20:55:38.724291,Bobby,5,5,42.95
1202,2022-09-26 01:08:32.275174,Kathryn,18,5,31.96
1203,2022-09-26 01:32:59.923762,Nettie,44,1,27.96
1204,2022-09-26 17:08:41.219012,Alex,7,0,15.98
1205,2022-09-26 10:46:05.309938,Patrice,66,3,30.96
1206,2022-09-26 10:27:08.018419,Timothy,43,6,19.98
1207,2022-09-26 22:55:48.311897,Margaret,25,7,27.96
1208,2022-09-26 23:44:40.274559,Nettie,44,6,13.98
1209,2022-09-27 21:54:10.421645,Russell,51,9,6.99
1210,2022-09-27 10:21:04.701257,Richard,68,7,8.99
1211,2022-09-27 18:09:24.273997,Ruth,33,1,20.97
1212,2022-09-27 02:13:32.817129,Jeanette,12,1,32.95
1213,2022-09-27 22:39:04.715639,Marjorie,57,2,22.97
1214,2022-09-27 23:16:49.690409,Ruth,33,2,11.98
1215,2022-09-27 06:00:49.757959,Scarlet,81,6,25.96
1216,2022-09-27 04:00:01.661602,Patrice,66,2,18.97
1217,2022-09-27 17:05:40.186027,Annie,97,1,13.98
1218,2022-09-27 05:04:56.283402,Kathryn,18,5,19.97
1219,2022-09-27 15:10:59.408365,Larry,8,2,14.98
1220,2022-09-27 21:31:41.326580,Bernadette,63,2,31.96
1221,2022-09-27 16:28:03.041580,John,62,8,33.96
1222,2022-09-27 04:03:36.780300,Arthur,6,4,31.96
1223,2022-09-27 03:16:05.824337,Latasha,41,1,7.99
1224,2022-09-27 13:12:21.407590,James,82,2,42.95
1225,2022-09-27 10:35:31.932997,Alex,7,7,19.98
1226,2022-09-27 06:03:07.175380,Larry,8,2,9.99
1227,2022-09-27 02:42:44.391485,Timothy,43,8,5.99
1228,2022-09-27 18:36:37.341258,Jason,73,9,18.97
1229,2022-09-27 07:05:47.771780,David,56,4,11.98
1230,2022-09-27 03:42:02.017478,Ricardo,87,5,29.96
1231,2022-09-27 20:43:45.986398,Terry,27,9,15.98
1232,2022-09-27 11:27:49.511076,John,98,7,32.95
1233,2022-09-27 14:14:08.093098,Francisco,86,9,17.98
1234,2022-09-27 19:44:16.499791,Mary,28,4,39.96
1235,2022-09-27 22:04:43.039216,Maricela,65,3,27.96
1236,2022-09-27 00:48:49.304103,Margaret,25,4,29.96
1237,2022-09-27 09:20:55.433798,Jess,30,1,34.96
1238,2022-09-28 14:45:53.797041,Alex,7,5,15.98
1239,2022-09-28 15:39:45.845099,Pamela,75,6,8.99
1240,2022-09-28 14:44:51.993958,Joe,49,2,34.95
1241,2022-09-28 17:14:25.126287,Patrice,66,9,7.99
1242,2022-09-28 15:21:58.708304,Jean,24,4,43.95
1243,2022-09-28 01:20:29.350244,Patrice,66,0,17.98
1244,2022-09-28 06:22:33.113688,George,59,8,5.99
1245,2022-09-28 17:02:35.272722,Dorothy,23,9,21.97
1246,2022-09-28 07:36:39.162618,Timothy,43,8,21.97
1247,2022-09-28 00:31:54.979909,Russell,51,1,26.97
1248,2022-09-28 03:01:29.626579,Nolan,19,1,17.98
1249,2022-09-28 12:48:52.975887,Jason,73,4,31.96
1250,2022-09-28 08:56:29.851299,Libby,78,8,8.99
1251,2022-09-28 04:33:36.423451,Richard,14,3,33.96
1252,2022-09-28 15:34:30.966030,Hugh,15,3,35.96
1253,2022-09-28 00:01:02.049908,Ricardo,87,7,7.99
1254,2022-09-28 04:17:48.744394,Raul,1,3,40.95
1255,2022-09-28 08:34:30.531108,Jason,45,5,15.98
1256,2022-09-28 02:24:15.435248,Jean,24,9,24.97
1257,2022-09-28 05:56:34.120010,Clark,21,2,29.950000000000003
1258,2022-09-28 23:59:26.514509,Richard,76,9,14.98
1259,2022-09-28 21:17:28.427618,Samuel,60,6,13.98
1260,2022-09-28 21:19:37.120917,Stacey,88,0,22.97
1261,2022-09-29 10:11:59.330231,Clara,72,7,35.96
1262,2022-09-29 23:41:28.490918,Jason,45,6,22.97
1263,2022-09-29 02:59:42.970579,Margaret,25,2,32.96
1264,2022-09-29 12:11:57.418028,Alex,7,8,37.95
1265,2022-09-29 03:15:05.388657,Kristen,55,1,21.97
1266,2022-09-29 18:03:37.682028,Harvey,22,3,33.95
1267,2022-09-29 19:25:44.516083,Jean,24,4,19.98
1268,2022-09-29 16:37:49.932202,Maricela,65,1,25.97
1269,2022-09-29 02:11:55.742828,Timothy,43,1,13.98
1270,2022-09-29 13:58:58.961195,Margaret,34,1,24.97
1271,2022-09-29 09:48:33.168337,David,69,1,27.97
1272,2022-09-29 14:39:17.259431,Laura,20,0,35.95
1273,2022-09-29 21:11:24.877564,Francisco,86,9,6.99
1274,2022-09-29 22:09:55.068989,Douglas,31,9,31.96
1275,2022-09-29 13:48:55.825046,Scarlet,81,1,33.96
1276,2022-09-29 20:04:30.068254,Jason,73,9,41.94
1277,2022-09-29 19:25:10.446729,Crystal,92,5,33.96
1278,2022-09-29 17:47:59.405143,Russell,51,1,36.96
1279,2022-09-29 20:28:47.492266,Samuel,60,7,17.98
1280,2022-09-29 01:08:59.799462,Jean,35,0,41.95
1281,2022-09-29 18:55:08.934442,Pauline,61,3,38.95
1282,2022-09-29 01:30:27.567571,Pauline,61,4,33.96
1283,2022-09-29 12:16:42.163568,Jean,24,9,9.99
1284,2022-09-29 17:34:02.037938,Sally,32,2,29.96
1285,2022-09-29 16:30:35.927626,Christopher,42,4,6.99
1286,2022-09-29 00:27:28.962092,Maricela,65,0,36.96
1287,2022-09-29 01:46:45.526962,Clara,72,2,15.98
1288,2022-09-29 08:35:10.929572,Clark,21,8,44.95
1289,2022-09-29 06:46:06.878732,Eugene,94,9,27.97
1290,2022-09-29 20:04:53.278497,Sally,32,4,39.95
1291,2022-09-29 08:12:34.347298,Barbara,48,2,7.99
1292,2022-09-29 01:39:12.412451,Russell,51,3,20.97
1293,2022-09-29 06:26:45.804989,Hugh,15,1,20.97
1294,2022-09-29 01:08:03.132855,Kelly,46,4,33.96
1295,2022-09-29 12:31:39.735528,Margaret,34,2,37.96
1296,2022-09-29 03:26:45.171169,Arthur,6,9,15.98
1297,2022-09-29 23:05:08.804892,Kelly,46,5,19.97
1298,2022-09-30 03:06:50.710674,David,56,2,33.96
1299,2022-09-30 23:54:28.473481,Jean,24,9,31.96
1300,2022-09-30 23:48:43.281124,Arthur,6,8,15.98
1301,2022-09-30 16:57:51.027329,Jean,35,9,21.97
1302,2022-09-30 00:09:09.718358,Richard,14,6,22.97
1303,2022-09-30 19:41:05.994980,Mable,9,1,23.96
1304,2022-09-30 22:43:36.877694,Maricela,65,1,34.96
1305,2022-09-30 19:55:29.068836,Jason,45,3,11.98
1306,2022-09-30 01:57:40.535028,Kathryn,18,2,32.96
1307,2022-09-30 09:45:47.725258,George,59,5,7.99
1308,2022-09-30 11:01:58.034999,Marjorie,57,0,31.96
1309,2022-09-30 04:54:40.381225,Marjorie,57,3,20.97
1310,2022-09-30 00:41:27.472013,Richard,14,2,25.97
1311,2022-09-30 20:23:26.675800,Lauren,74,4,28.96
1312,2022-09-30 21:28:27.489833,Deanna,53,2,35.95
1313,2022-09-30 02:40:45.550570,Harvey,22,2,23.96
1314,2022-09-30 01:25:26.298192,Lisa,54,3,49.94
1315,2022-09-30 01:24:20.834628,Todd,64,2,31.96
1316,2022-09-30 01:35:35.581419,William,77,9,19.97
1317,2022-09-30 11:22:10.433484,Curtis,13,0,15.98
1318,2022-09-30 21:48:10.683648,Mabel,85,7,19.97
1319,2022-09-30 02:19:04.717233,Jeanette,12,1,31.96
1320,2022-10-01 08:34:52.420306,Samuel,60,7,24.97
1321,2022-10-01 19:35:03.888685,Richard,14,0,47.94
1322,2022-10-01 08:19:42.114206,Jason,73,2,29.96
1323,2022-10-01 21:28:37.852004,Bruce,80,5,13.98
1324,2022-10-01 20:25:06.187026,David,56,8,28.96
1325,2022-10-01 21:42:32.973812,Douglas,31,0,28.96
1326,2022-10-01 09:21:27.391164,Pauline,61,6,27.96
1327,2022-10-01 17:22:15.433761,Jason,45,9,18.97
1328,2022-10-01 00:58:43.201409,Curtis,13,8,20.97
1329,2022-10-01 15:25:00.423478,Lisa,54,9,21.97
1330,2022-10-01 11:56:18.868723,Dorothy,23,0,37.94
1331,2022-10-01 23:34:50.701269,Jean,35,4,33.96
1332,2022-10-01 10:45:43.189829,Timothy,43,8,45.95
1333,2022-10-01 01:52:59.553554,Barbara,48,6,17.98
1334,2022-10-01 12:13:19.212275,David,69,2,31.96
1335,2022-10-01 00:51:37.934405,Kathryn,18,3,6.99
1336,2022-10-01 11:22:45.312067,Harvey,22,6,34.95
1337,2022-10-01 18:57:14.324271,Scarlet,81,1,15.98
1338,2022-10-01 22:55:40.753106,Curtis,13,4,33.96
1339,2022-10-01 04:51:51.094934,Clara,72,1,11.98
1340,2022-10-01 14:03:36.036143,George,59,4,25.97
